Group,N,Mean,SAMPLE,STD,MSE,SST,SSE,SSA
Task1_Male,120,2.5,1.0252100840336134,1.0252100840336134,1.0166666666666666,122.23356401384082,122.0,0.2335640138408288
Task1_Female,50,2.62,0.6893877551020406,0.6893877551020406,0.6755999999999999,35.126730103806224,33.779999999999994,1.3467301038062274
Task2_Male,120,2.316666666666667,1.0417366946778712,1.0417366946778712,1.0330555555555556,126.29238754325259,123.96666666666667,2.3257208765859265
Task2_Female,50,2.52,0.826122448979592,0.826122448979592,0.8096000000000001,40.68555363321799,40.480000000000004,0.20555363321799217
Overall,340,2.4558823529411766,0.9567499566198159,0.9567499566198159,0.9539359861591693,324.33823529411757,324.33823529411757,0.0
