Group,N,Mean,SAMPLE,POPULATION,STD,MSE,SS,SST,SSE,SSA
Male,120,3.7666666666666666,1.1383753501400558,1.1288888888888886,1.1383753501400558,1.1288888888888886,135.46666666666664,136.3598615916955,135.46666666666664,0.8931949250288379
Female,50,4.06,1.1187755102040817,1.0964,1.1187755102040817,1.0964,54.82,56.96366782006921,54.82,2.143667820069194
Overall,170,3.8529411764705883,1.1439262095370692,1.13719723183391,1.1439262095370692,1.13719723183391,193.3235294117647,193.3235294117647,193.3235294117647,0.0
