Group,N,Mean,SAMPLE,MSE,TUKEY,SST,SSE,SSA,FTEST
Male,24,2.3333333333333335,1.3623188405797102,1.3055555555555556,0.05676328502415459,31.34256055363322,31.333333333333332,0.009227220299884594,1.3623188405797102
Female,10,2.4,0.48888888888888893,0.44000000000000006,0.04888888888888889,4.422145328719724,4.4,0.022145328719723023,0.48888888888888893
Overall,34,2.3529411764705883,1.0837789661319073,1.0519031141868513,0.0318758519450561,35.76470588235294,35.76470588235294,0.0,1.0837789661319073
