Group,N,Mean,SAMPLE,POPULATION,STD,MSE,SS,TUKEY,SST,SSE,SSA,ALT_SSA,ALT_FTEST,OLD_FTEST
Male,120,2.5,1.0252100840336134,1.0166666666666666,1.0125265843589557,1.0166666666666666,122.0,0.008543417366946778,122.14948096885814,122.0,0.14948096885813045,0.14948096885813045,2.05925015646963e-05,1.0252100840336134
Female,50,2.62,0.6893877551020406,0.6755999999999999,0.8302937763840222,0.6755999999999999,33.779999999999994,0.013787755102040812,34.13875432525952,33.779999999999994,0.35875432525951756,0.35875432525951756,0.0004334823470711055,0.6893877551020406
Overall,170,2.5352941176470587,0.924782457361643,0.9193425605536334,0.9616561014009337,0.9193425605536334,156.28823529411767,0.005439896808009665,156.28823529411767,156.28823529411767,0.0,0.0,0.0,0.924782457361643
