Group,N,Mean,SAMPLE,MSE,TUKEY,SST,SSE,SSA,FTEST
Male,24,2.3333333333333335,1.0144927536231882,0.9722222222222222,0.04227053140096618,23.48096885813149,23.333333333333332,0.1476355247981535,1.0144927536231882
Female,10,2.6,0.9333333333333333,0.8400000000000001,0.09333333333333334,8.754325259515571,8.4,0.3543252595155717,0.9333333333333333
Overall,34,2.411764705882353,0.9768270944741533,0.9480968858131488,0.028730208661004508,32.23529411764706,32.23529411764706,0.0,0.9768270944741533
