Group,N,Mean,SAMPLE,MSE,TUKEY,SST,SSE,SSA,FTEST
Male,24,2.4583333333333335,1.1286231884057971,1.0815972222222223,0.04702596618357488,26.0,25.958333333333336,0.04166666666666637,1.1286231884057971
Female,10,2.6,0.48888888888888893,0.44000000000000006,0.04888888888888889,4.5,4.4,0.10000000000000017,0.48888888888888893
Overall,34,2.5,0.9242424242424242,0.8970588235294118,0.027183600713012478,30.5,30.5,0.0,0.9242424242424242
