Group,N,Mean,SAMPLE,MSE,TUKEY,SST,SSE,SSA,FTEST
Male,24,2.9583333333333335,0.7373188405797101,0.7065972222222222,0.03072161835748792,17.01038062283737,16.958333333333332,0.05204728950403753,0.7373188405797101
Female,10,2.8,0.8444444444444444,0.76,0.08444444444444445,7.724913494809689,7.6,0.12491349480968869,0.8444444444444444
Overall,34,2.911764705882353,0.749554367201426,0.7275086505190311,0.022045716682394884,24.735294117647058,24.735294117647058,0.0,0.749554367201426
