Group,N,Mean,SAMPLE,MSE,TUKEY,SST,SSE,SSA,FTEST
Male,24,2.4166666666666665,0.7753623188405798,0.7430555555555557,0.03230676328502416,18.0,17.833333333333336,0.16666666666666727,0.7753623188405798
Female,10,2.7,0.8999999999999999,0.8099999999999999,0.09,8.5,8.1,0.4000000000000007,0.8999999999999999
Overall,34,2.5,0.803030303030303,0.7794117647058824,0.023618538324420676,26.5,26.5,0.0,0.803030303030303
