Metric,Source,k,n_total,SS,df,MS,F,p_value
difficulty_4,Between Groups,4,170,3.563673890608875,3,1.1878912968696251,1.2911476285688486,0.27921899205577194
difficulty_4,Within Groups,4,170,152.72456140350872,166,0.9200274783343898,,
difficulty_4,Total,4,170,156.28823529411764,169,,,
