Metric,Group,k,N,Mean,Grand_Mean,Deviation,SSA,MSA,SSE,MSE_group,MSE_pooled,F_stat,p_value,Effect_Size,Std,SE,95%_CI_Lower,95%_CI_Upper,Deviation_CI_Lower,Deviation_CI_Upper
difficulty_4,ALL,4,25,2.8,2.5352941176470587,0.2647058823529411,1.7517301038062278,1.7517301038062278,16.0,0.6666666666666666,0.9200274783343898,1.9039975925257642,0.16948723820929545,0.2759708384975314,0.816496580927726,0.16329931618554522,2.4629667762098135,3.137033223790186,-0.11404726182218611,0.6434590265280684
difficulty_4,ALL,4,30,2.566666666666667,2.5352941176470587,0.031372549019608176,0.02952710495963154,0.02952710495963154,19.366666666666667,0.667816091954023,0.9200274783343898,0.03209372073656666,0.8580405895911901,0.03270765493304111,0.8172001541568767,0.1491996528094735,2.261519114144824,2.8718142191885097,-0.3143801856315978,0.37712528367081416
difficulty_4,ALL,4,95,2.4210526315789473,2.5352941176470587,-0.11424148606811135,1.2398561282097957,1.2398561282097957,103.15789473684205,1.0974244120940644,0.9200274783343898,1.3476294539098126,0.2473596391433328,-0.11910320398314506,1.0475802652274737,0.10747946741950122,2.2076496294981895,2.634455633659705,-0.30853774942204526,0.08005477728582258
difficulty_4,ALL,4,20,2.7,2.5352941176470587,0.16470588235294148,0.54256055363322,0.54256055363322,14.2,0.7473684210526316,0.9200274783343898,0.589722118534402,0.4436175971504347,0.17171518839846434,0.8645047258706176,0.19330913339165218,2.2953993338744567,3.1046006661255436,-0.25875300618074004,0.588164770886623
